{"cameraMode":{"drawMode":0,"name":"Shaded","section":"Shading Mode"},"sceneLighting":false,"audioPlay":false,"sceneViewState":{"m_AlwaysRefresh":false,"showFog":true,"showSkybox":false,"showFlares":true,"showImageEffects":true,"showParticleSystems":true,"showVisualEffectGraphs":true,"m_FxEnabled":true},"in2DMode":false,"pivot":{"x":1.4113215208053589,"y":-0.2728046774864197,"z":1.5652269124984742},"rotation":{"x":-0.272941917181015,"y":0.09386956691741944,"z":-0.026815101504325868,"w":-0.9570938348770142},"size":0.08499661833047867,"orthographic":false}