{"cameraMode":{"drawMode":0,"name":"Shaded","section":"Shading Mode"},"sceneLighting":false,"audioPlay":false,"sceneViewState":{"m_AlwaysRefresh":false,"showFog":true,"showSkybox":false,"showFlares":true,"showImageEffects":true,"showParticleSystems":true,"showVisualEffectGraphs":true,"m_FxEnabled":true},"in2DMode":false,"pivot":{"x":-0.03880191966891289,"y":-0.08043533563613892,"z":0.4066491425037384},"rotation":{"x":0.39066943526268008,"y":-0.5335618853569031,"z":0.30395323038101199,"w":0.6858065724372864},"size":1.0491067171096802,"orthographic":false}